ZID,Z_PCScore,BB_PCScore,MW,LogP,TPSA,RotatableB,HBD,HBA,Ring,Total_Charge,HeavyAtoms,CarBonAtoms,HeteroAtoms,Lipinski_Violation,VeBer_Violation,Egan_Violation,Toxicity,SMILES,Backbone,Purchasability,Tier
* STB_NS_01037,,,299.32602,3.7868000000000017,47.78,,0.0,3.0,4,,,,,,,,,O=C(c1ccc(c2ccccc2)cc1)n1nnc2ccccc12,O=C(c1ccc(cc1)c2ccccc2)n4nnc3ccccc34,,
ZINC000149287464,0.7685,0.8036,201.22784,1.5147999999999997,80.47999999999998,2.0,2,5,3,0.0,15.0,10.0,5.0,-1.0,Unknown,Unknown,Unknown,NC1(c2ccc(c3nnn[nH]3)cc2)CC1,c1cc(C2CC2)ccc1c1nnn[nH]1,Purchasable,T 1.5 Inner-Scaffold Search
ZINC000304219499,0.6459,0.8026,226.27376000000007,3.1567,45.75,3.0,1,3,3,0.0,17.0,14.0,3.0,-1.0,Unknown,Unknown,Unknown,CC(=O)c1c[nH]c(c2ccc(C3CC3)cc2)n1,c1c[nH]c(c2ccc(C3CC3)cc2)n1,Purchasable,T 1.5 Inner-Scaffold Search
ZINC000757569033,0.7145,0.8026,226.27046000000007,3.8106000000000013,30.21,3.0,0,1,3,0.0,17.0,15.0,2.0,-1.0,Unknown,Unknown,Unknown,CC1(c2ccc(c3ccc(C=O)o3)cc2)CC1,c1coc(c2ccc(C3CC3)cc2)c1,Purchasable,T 1.5 Inner-Scaffold Search
ZINC000725345263,0.7581,0.8023,211.25912000000002,3.3716,32.86,3.0,1,2,3,0.0,16.0,14.0,2.0,-1.0,Unknown,Unknown,Unknown,O=Cc1ccc(c2ccc(C3CC3)cc2)[nH]1,c1c[nH]c(c2ccc(C3CC3)cc2)c1,Purchasable,T 1.5 Inner-Scaffold Search
ZINC000725345221,0.7184,0.8023,227.25852000000003,3.2573,53.09,3.0,2,3,3,0.0,17.0,14.0,3.0,-1.0,Unknown,Unknown,Unknown,O=C(O)c1ccc(c2ccc(C3CC3)cc2)[nH]1,c1c[nH]c(c2ccc(C3CC3)cc2)c1,Purchasable,T 1.5 Inner-Scaffold Search
ZINC000125772795,0.6773,0.8021,255.35804000000007,4.2513000000000005,43.84,3.0,1,2,3,0.0,19.0,16.0,3.0,-1.0,Unknown,Unknown,Unknown,CC(C)c1nc(c2ccc(C3CC3)cc2)c(N)n1C,c1nc(c2ccc(C3CC3)cc2)c[nH]1,Purchasable,T 1.5 Inner-Scaffold Search
ZINC000123014959,0.6626,0.8021,269.38462000000004,4.5633,43.84,5.0,1,2,3,0.0,20.0,17.0,3.0,-1.0,Unknown,Unknown,Unknown,CCCc1nc(c2ccc(C3CC3)cc2)c(N)n1CC,c1nc(c2ccc(C3CC3)cc2)c[nH]1,Purchasable,T 1.5 Inner-Scaffold Search
ZINC000125768058,0.6567,0.8021,255.35804,4.3093,43.84,4.0,1,2,3,0.0,19.0,16.0,3.0,-1.0,Unknown,Unknown,Unknown,CCCn1c(C)nc(c2ccc(C3CC3)cc2)c1N,c1nc(c2ccc(C3CC3)cc2)c[nH]1,Purchasable,T 1.5 Inner-Scaffold Search
ZINC000219884496,0.6874,0.8021,256.29974,2.7433000000000005,54.98,4.0,1,6,3,0.0,19.0,15.0,4.0,0.0,False,False,Toxic,CCOC(=O)[C@@H]1C[C@H]1c1ccc(c2c[nH]cn2)cc1,c1nc(c2ccc(C3CC3)cc2)c[nH]1,Purchasable,T 1.5 Inner-Scaffold Search
ZINC000123017825,0.6544,0.8021,269.38462000000004,4.7342,43.84,4.0,1,2,3,0.0,20.0,17.0,3.0,-1.0,Unknown,Unknown,Unknown,CCn1c(N)c(c2ccc(C3CC3)cc2)nc1C(C)C,c1nc(c2ccc(C3CC3)cc2)c[nH]1,Purchasable,T 1.5 Inner-Scaffold Search
ZINC000125772306,0.6649,0.8021,255.35804000000007,4.0804,43.84,4.0,1,2,3,0.0,19.0,16.0,3.0,-1.0,Unknown,Unknown,Unknown,CCCc1nc(c2ccc(C3CC3)cc2)c(N)n1C,c1nc(c2ccc(C3CC3)cc2)c[nH]1,Purchasable,T 1.5 Inner-Scaffold Search
ZINC000123012571,0.6582,0.8021,283.4112,4.9083,43.84,3.0,1,2,3,0.0,21.0,18.0,3.0,-1.0,Unknown,Unknown,Unknown,CCc1nc(c2ccc(C3CC3)cc2)c(N)n1C(C)(C)C,c1nc(c2ccc(C3CC3)cc2)c[nH]1,Purchasable,T 1.5 Inner-Scaffold Search
ZINC000123016838,0.6206,0.8021,281.3953200000001,4.7294,43.84,6.0,1,2,3,0.0,21.0,18.0,3.0,-1.0,Unknown,Unknown,Unknown,C=CCn1c(N)c(c2ccc(C3CC3)cc2)nc1CCC,c1nc(c2ccc(C3CC3)cc2)c[nH]1,Purchasable,T 1.5 Inner-Scaffold Search
ZINC000125771802,0.6729,0.8021,255.35804,4.1732,43.84,4.0,1,2,3,0.0,19.0,16.0,3.0,-1.0,Unknown,Unknown,Unknown,CCc1nc(c2ccc(C3CC3)cc2)c(N)n1CC,c1nc(c2ccc(C3CC3)cc2)c[nH]1,Purchasable,T 1.5 Inner-Scaffold Search
ZINC000123010766,0.6459,0.8021,269.38462000000004,4.699400000000002,43.84,5.0,1,2,3,0.0,20.0,17.0,3.0,-1.0,Unknown,Unknown,Unknown,CCCCn1c(C)nc(c2ccc(C3CC3)cc2)c1N,c1nc(c2ccc(C3CC3)cc2)c[nH]1,Purchasable,T 1.5 Inner-Scaffold Search
ZINC000125770893,0.6624,0.8021,251.32628000000003,3.5325,43.84,3.0,1,2,3,0.0,19.0,16.0,3.0,-1.0,Unknown,Unknown,Unknown,C#CCn1c(C)nc(c2ccc(C3CC3)cc2)c1N,c1nc(c2ccc(C3CC3)cc2)c[nH]1,Purchasable,T 1.5 Inner-Scaffold Search
ZINC000094524217,0.6651,0.8021,256.3461000000001,3.8384,69.86,4.0,2,3,3,0.0,19.0,15.0,4.0,-1.0,Unknown,Unknown,Unknown,CCCc1nc(c2ccc(C3CC3)cc2)c(N)n1N,c1nc(c2ccc(C3CC3)cc2)c[nH]1,Purchasable,T 1.5 Inner-Scaffold Search
ZINC000125766622,0.6688,0.8021,255.35804000000007,4.2469,43.84,4.0,1,2,3,0.0,19.0,16.0,3.0,-1.0,Unknown,Unknown,Unknown,CC(C)Cn1cnc(c2ccc(C3CC3)cc2)c1N,c1nc(c2ccc(C3CC3)cc2)c[nH]1,Purchasable,T 1.5 Inner-Scaffold Search
ZINC000123013997,0.6296,0.8021,267.36874000000006,4.3393,43.84,5.0,1,2,3,0.0,20.0,17.0,3.0,-1.0,Unknown,Unknown,Unknown,C=CCn1c(N)c(c2ccc(C3CC3)cc2)nc1CC,c1nc(c2ccc(C3CC3)cc2)c[nH]1,Purchasable,T 1.5 Inner-Scaffold Search
ZINC000219884538,0.6874,0.8021,256.29974,2.7433000000000005,54.98,4.0,1,6,3,0.0,19.0,15.0,4.0,0.0,False,False,Toxic,CCOC(=O)[C@H]1C[C@H]1c1ccc(c2c[nH]cn2)cc1,c1nc(c2ccc(C3CC3)cc2)c[nH]1,Purchasable,T 1.5 Inner-Scaffold Search
ZINC000168340438,0.6874,0.8021,256.29974,2.7433000000000005,54.98,4.0,1,6,3,0.0,19.0,15.0,4.0,0.0,False,False,Toxic,CCOC(=O)[C@H]1C[C@@H]1c1ccc(c2c[nH]cn2)cc1,c1nc(c2ccc(C3CC3)cc2)c[nH]1,Purchasable,T 1.5 Inner-Scaffold Search
ZINC000123009847,0.638,0.8021,269.38462000000004,4.654299999999999,43.84,2.0,1,2,3,0.0,20.0,17.0,3.0,-1.0,Unknown,Unknown,Unknown,Cc1nc(c2ccc(C3CC3)cc2)c(N)n1C(C)(C)C,c1nc(c2ccc(C3CC3)cc2)c[nH]1,Purchasable,T 1.5 Inner-Scaffold Search
ZINC000123023734,0.6683,0.8021,269.38462000000004,4.4254,43.84,2.0,1,2,3,0.0,20.0,17.0,3.0,-1.0,Unknown,Unknown,Unknown,Cn1c(N)c(c2ccc(C3CC3)cc2)nc1C(C)(C)C,c1nc(c2ccc(C3CC3)cc2)c[nH]1,Purchasable,T 1.5 Inner-Scaffold Search
ZINC000125766104,0.6086,0.8021,255.35804,4.391,43.84,5.0,1,2,3,0.0,19.0,16.0,3.0,-1.0,Unknown,Unknown,Unknown,CCCCn1cnc(c2ccc(C3CC3)cc2)c1N,c1nc(c2ccc(C3CC3)cc2)c[nH]1,Purchasable,T 1.5 Inner-Scaffold Search
ZINC000123010327,0.6326,0.8021,269.38462000000004,4.555299999999999,43.84,4.0,1,2,3,0.0,20.0,17.0,3.0,-1.0,Unknown,Unknown,Unknown,Cc1nc(c2ccc(C3CC3)cc2)c(N)n1CC(C)C,c1nc(c2ccc(C3CC3)cc2)c[nH]1,Purchasable,T 1.5 Inner-Scaffold Search
ZINC000125768525,0.6636,0.8021,255.35804,4.480199999999999,43.84,3.0,1,2,3,0.0,19.0,16.0,3.0,-1.0,Unknown,Unknown,Unknown,Cc1nc(c2ccc(C3CC3)cc2)c(N)n1C(C)C,c1nc(c2ccc(C3CC3)cc2)c[nH]1,Purchasable,T 1.5 Inner-Scaffold Search
ZINC000123014473,0.628,0.8021,265.3528600000001,3.7865,43.84,4.0,1,2,3,0.0,20.0,17.0,3.0,-1.0,Unknown,Unknown,Unknown,C#CCn1c(N)c(c2ccc(C3CC3)cc2)nc1CC,c1nc(c2ccc(C3CC3)cc2)c[nH]1,Purchasable,T 1.5 Inner-Scaffold Search
ZINC000125765677,0.6683,0.8021,255.35804,4.3459,43.84,2.0,1,2,3,0.0,19.0,16.0,3.0,-1.0,Unknown,Unknown,Unknown,CC(C)(C)n1cnc(c2ccc(C3CC3)cc2)c1N,c1nc(c2ccc(C3CC3)cc2)c[nH]1,Purchasable,T 1.5 Inner-Scaffold Search
ZINC000263622951,0.6724,0.8021,382.19627,3.3479,54.98,4.0,1,6,3,0.0,20.0,15.0,5.0,0.0,False,False,Toxic,CCOC(=O)[C@@H]1C[C@H]1c1ccc(c2c(I)[nH]cn2)cc1,c1nc(c2ccc(C3CC3)cc2)c[nH]1,Purchasable,T 1.5 Inner-Scaffold Search
ZINC000263622950,0.6724,0.8021,382.19627,3.3479,54.98,4.0,1,6,3,0.0,20.0,15.0,5.0,0.0,False,False,Toxic,CCOC(=O)[C@H]1C[C@@H]1c1ccc(c2c(I)[nH]cn2)cc1,c1nc(c2ccc(C3CC3)cc2)c[nH]1,Purchasable,T 1.5 Inner-Scaffold Search
ZINC000263622953,0.6724,0.8021,382.19627,3.3479,54.98,4.0,1,6,3,0.0,20.0,15.0,5.0,0.0,False,False,Toxic,CCOC(=O)[C@@H]1C[C@@H]1c1ccc(c2c(I)[nH]cn2)cc1,c1nc(c2ccc(C3CC3)cc2)c[nH]1,Purchasable,T 1.5 Inner-Scaffold Search
ZINC000125770412,0.6567,0.8021,253.34216000000004,4.0853,43.84,4.0,1,2,3,0.0,19.0,16.0,3.0,-1.0,Unknown,Unknown,Unknown,C=CCn1c(C)nc(c2ccc(C3CC3)cc2)c1N,c1nc(c2ccc(C3CC3)cc2)c[nH]1,Purchasable,T 1.5 Inner-Scaffold Search
ZINC000263622952,0.6724,0.8021,382.19627,3.3479,54.98,4.0,1,6,3,0.0,20.0,15.0,5.0,0.0,False,False,Toxic,CCOC(=O)[C@H]1C[C@H]1c1ccc(c2c(I)[nH]cn2)cc1,c1nc(c2ccc(C3CC3)cc2)c[nH]1,Purchasable,T 1.5 Inner-Scaffold Search
ZINC000094524223,0.6775,0.8021,256.3461000000001,4.0093000000000005,69.86,3.0,2,3,3,0.0,19.0,15.0,4.0,-1.0,Unknown,Unknown,Unknown,CC(C)c1nc(c2ccc(C3CC3)cc2)c(N)n1N,c1nc(c2ccc(C3CC3)cc2)c[nH]1,Purchasable,T 1.5 Inner-Scaffold Search
ZINC000094524221,0.6696,0.8021,270.37268000000006,4.1834,69.86,2.0,2,3,3,0.0,20.0,16.0,4.0,-1.0,Unknown,Unknown,Unknown,CC(C)(C)c1nc(c2ccc(C3CC3)cc2)c(N)n1N,c1nc(c2ccc(C3CC3)cc2)c[nH]1,Purchasable,T 1.5 Inner-Scaffold Search
ZINC000126661449,0.6934,0.8021,213.2783000000001,3.1279000000000003,43.84,2.0,1,2,3,0.0,16.0,13.0,3.0,-1.0,Unknown,Unknown,Unknown,Cn1cnc(c2ccc(C3CC3)cc2)c1N,c1nc(c2ccc(C3CC3)cc2)c[nH]1,Purchasable,T 1.5 Inner-Scaffold Search
ZINC000123011193,0.6296,0.8021,269.3846200000001,4.563300000000001,43.84,5.0,1,2,3,0.0,20.0,17.0,3.0,-1.0,Unknown,Unknown,Unknown,CCCn1c(N)c(c2ccc(C3CC3)cc2)nc1CC,c1nc(c2ccc(C3CC3)cc2)c[nH]1,Purchasable,T 1.5 Inner-Scaffold Search
ZINC000123011665,0.6663,0.8021,269.38462000000004,4.7342,43.84,4.0,1,2,3,0.0,20.0,17.0,3.0,-1.0,Unknown,Unknown,Unknown,CCc1nc(c2ccc(C3CC3)cc2)c(N)n1C(C)C,c1nc(c2ccc(C3CC3)cc2)c[nH]1,Purchasable,T 1.5 Inner-Scaffold Search
ZINC000087013121,0.7515,0.8021,214.26636000000002,2.8859000000000004,69.86,2.0,2,3,3,0.0,16.0,12.0,4.0,-1.0,Unknown,Unknown,Unknown,Nc1c(c2ccc(C3CC3)cc2)ncn1N,c1nc(c2ccc(C3CC3)cc2)c[nH]1,Purchasable,T 1.5 Inner-Scaffold Search
ZINC000219884466,0.6874,0.8021,256.29974,2.7433000000000005,54.98,4.0,1,6,3,0.0,19.0,15.0,4.0,0.0,False,False,Toxic,CCOC(=O)[C@@H]1C[C@@H]1c1ccc(c2c[nH]cn2)cc1,c1nc(c2ccc(C3CC3)cc2)c[nH]1,Purchasable,T 1.5 Inner-Scaffold Search
ZINC000229874893,0.638,0.8019,256.34280000000007,4.719200000000002,52.05,5.0,1,3,3,0.0,19.0,16.0,3.0,-1.0,Unknown,Unknown,Unknown,CCC[C@@H](N)c1cc(c2ccc(C3CC3)cc2)no1,c1cc(c2ccc(C3CC3)cc2)no1,Purchasable,T 1.5 Inner-Scaffold Search
ZINC000094525330,0.6688,0.8019,271.31108,3.8697000000000012,63.33,5.0,1,3,3,0.0,20.0,16.0,4.0,-1.0,Unknown,Unknown,Unknown,CCCc1onc(c2ccc(C3CC3)cc2)c1C(=O)O,c1cc(c2ccc(C3CC3)cc2)no1,Purchasable,T 1.5 Inner-Scaffold Search
ZINC000229871191,0.6317,0.8019,242.31622000000007,4.329100000000001,52.05,4.0,1,3,3,0.0,18.0,15.0,3.0,-1.0,Unknown,Unknown,Unknown,CC[C@@H](N)c1cc(c2ccc(C3CC3)cc2)no1,c1cc(c2ccc(C3CC3)cc2)no1,Purchasable,T 1.5 Inner-Scaffold Search
ZINC000094525334,0.6435,0.8019,285.33766,4.2147000000000014,63.33,3.0,1,3,3,0.0,21.0,17.0,4.0,-1.0,Unknown,Unknown,Unknown,CC(C)(C)c1onc(c2ccc(C3CC3)cc2)c1C(=O)O,c1cc(c2ccc(C3CC3)cc2)no1,Purchasable,T 1.5 Inner-Scaffold Search
ZINC000229871195,0.6317,0.8019,242.31622000000007,4.329100000000001,52.05,4.0,1,3,3,0.0,18.0,15.0,3.0,-1.0,Unknown,Unknown,Unknown,CC[C@H](N)c1cc(c2ccc(C3CC3)cc2)no1,c1cc(c2ccc(C3CC3)cc2)no1,Purchasable,T 1.5 Inner-Scaffold Search
ZINC000094525332,0.6585,0.8019,271.31108,4.040600000000001,63.33,4.0,1,3,3,0.0,20.0,16.0,4.0,-1.0,Unknown,Unknown,Unknown,CC(C)c1onc(c2ccc(C3CC3)cc2)c1C(=O)O,c1cc(c2ccc(C3CC3)cc2)no1,Purchasable,T 1.5 Inner-Scaffold Search
ZINC000087013647,0.7058,0.8019,214.26306000000002,3.378,52.05,3.0,1,2,3,0.0,16.0,13.0,3.0,-1.0,Unknown,Unknown,Unknown,NCc1cc(c2ccc(C3CC3)cc2)no1,c1cc(c2ccc(C3CC3)cc2)no1,Purchasable,T 1.5 Inner-Scaffold Search
ZINC000132477169,0.6481,0.8019,285.33766,4.115700000000001,63.33,5.0,1,3,3,0.0,21.0,17.0,4.0,-1.0,Unknown,Unknown,Unknown,CC(C)Cc1onc(c2ccc(C3CC3)cc2)c1C(=O)O,c1cc(c2ccc(C3CC3)cc2)no1,Purchasable,T 1.5 Inner-Scaffold Search
ZINC000087013685,0.7055,0.8019,215.24782000000005,2.7113000000000005,46.26000000000001,3.0,1,2,3,0.0,16.0,13.0,3.0,-1.0,Unknown,Unknown,Unknown,OCc1cc(c2ccc(C3CC3)cc2)no1,c1cc(c2ccc(C3CC3)cc2)no1,Purchasable,T 1.5 Inner-Scaffold Search
ZINC000116174415,0.6247,0.8019,311.25588960000005,3.8649,63.33,4.0,1,3,3,0.0,22.0,15.0,7.0,-1.0,Unknown,Unknown,Unknown,O=C(O)Cc1cc(c2ccc(C3CC3)cc2C(F)(F)F)no1,c1cc(c2ccc(C3CC3)cc2)no1,Purchasable,T 1.5 Inner-Scaffold Search
ZINC000116171546,0.6275,0.8019,297.27236960000005,3.7726,46.26000000000001,4.0,1,2,3,0.0,21.0,15.0,6.0,-1.0,Unknown,Unknown,Unknown,OCCc1cc(c2ccc(C3CC3)cc2C(F)(F)F)no1,c1cc(c2ccc(C3CC3)cc2)no1,Purchasable,T 1.5 Inner-Scaffold Search
ZINC000229874899,0.638,0.8019,256.34280000000007,4.719200000000002,52.05,5.0,1,3,3,0.0,19.0,16.0,3.0,-1.0,Unknown,Unknown,Unknown,CCC[C@H](N)c1cc(c2ccc(C3CC3)cc2)no1,c1cc(c2ccc(C3CC3)cc2)no1,Purchasable,T 1.5 Inner-Scaffold Search
ZINC000757572301,0.7145,0.8019,257.28450000000004,3.3997,63.33,3.0,1,3,3,0.0,19.0,15.0,4.0,-1.0,Unknown,Unknown,Unknown,Cc1nc(c2ccc(C3(C)CC3)cc2)c(C(=O)O)o1,c1nc(c2ccc(C3CC3)cc2)co1,Purchasable,T 1.5 Inner-Scaffold Search
ZINC000087724045,0.7388,0.8019,219.66690000000008,3.8724000000000007,26.03,2.0,0,1,3,0.0,15.0,12.0,3.0,-1.0,Unknown,Unknown,Unknown,Clc1cc(c2ccc(C3CC3)cc2)no1,c1cc(c2ccc(C3CC3)cc2)no1,Purchasable,T 1.5 Inner-Scaffold Search
ZINC000290573552,0.5798,0.7899,311.37823999999995,3.9534800000000017,71.94,6.0,0,4,3,0.0,23.0,18.0,5.0,0.0,False,False,Non Toxic,CCC(CC)(OC)c1noc(c2ccc(C3(C#N)CC3)cc2)n1,c1noc(c2ccc(C3CC3)cc2)n1,Purchasable,T 1.5 Inner-Scaffold Search
ZINC000280803939,0.5506,0.7899,339.38833999999986,3.7369800000000013,89.01,4.0,0,6,3,0.0,25.0,19.0,6.0,0.0,False,False,Toxic,C[C@H](C(=O)OC(C)(C)C)c1noc(c2ccc(C3(C#N)CC3)cc2)n1,c1noc(c2ccc(C3CC3)cc2)n1,Purchasable,T 1.5 Inner-Scaffold Search
ZINC000273944890,0.5029,0.7899,375.44533999999993,2.6532800000000005,111.71,7.0,0,7,3,0.0,26.0,17.0,9.0,-1.0,Unknown,Unknown,Unknown,CN(C)S(=O)(=O)N(C)CCc1noc(c2ccc(C3(C#N)CC3)cc2)n1,c1noc(c2ccc(C3CC3)cc2)n1,Purchasable,T 1.5 Inner-Scaffold Search
ZINC000271964643,0.5768,0.7899,283.32507999999996,3.173280000000001,71.94,4.0,0,4,3,0.0,21.0,16.0,5.0,0.0,False,False,Non Toxic,COC(C)(C)c1noc(c2ccc(C3(C#N)CC3)cc2)n1,c1noc(c2ccc(C3CC3)cc2)n1,Purchasable,T 1.5 Inner-Scaffold Search
ZINC000274118799,0.5367,0.7899,338.40358,3.09118,83.02,6.0,0,5,3,0.0,25.0,19.0,6.0,0.0,False,False,Non Toxic,CC(=O)N(CCc1noc(c2ccc(C3(C#N)CC3)cc2)n1)C(C)C,c1noc(c2ccc(C3CC3)cc2)n1,Purchasable,T 1.5 Inner-Scaffold Search
ZINC000285135354,0.6448,0.7899,279.33637999999996,3.800480000000001,62.71,5.0,0,3,3,0.0,21.0,17.0,4.0,0.0,False,False,Non Toxic,C=C(C)CCc1noc(c2ccc(C3(C#N)CC3)cc2)n1,c1noc(c2ccc(C3CC3)cc2)n1,Purchasable,T 1.5 Inner-Scaffold Search
ZINC000277950940,0.5819,0.7899,345.41605999999985,4.087480000000001,105.23,7.0,0,5,3,0.0,24.0,17.0,7.0,0.0,False,False,Non Toxic,CCCCS(=O)(=O)Cc1noc(c2ccc(C3(C#N)CC3)cc2)n1,c1noc(c2ccc(C3CC3)cc2)n1,Purchasable,T 1.5 Inner-Scaffold Search
ZINC000271960562,0.6394,0.7899,254.28716,2.35778,65.95,3.0,0,4,3,0.0,19.0,14.0,5.0,0.0,False,False,Non Toxic,CN(C)c1noc(c2ccc(C3(C#N)CC3)cc2)n1,c1noc(c2ccc(C3CC3)cc2)n1,Purchasable,T 1.5 Inner-Scaffold Search
ZINC000280803936,0.5506,0.7899,339.38833999999986,3.7369800000000013,89.01,4.0,0,6,3,0.0,25.0,19.0,6.0,0.0,False,False,Toxic,C[C@@H](C(=O)OC(C)(C)C)c1noc(c2ccc(C3(C#N)CC3)cc2)n1,c1noc(c2ccc(C3CC3)cc2)n1,Purchasable,T 1.5 Inner-Scaffold Search
ZINC000277878623,0.5496,0.7899,324.3769999999999,2.99738,91.81,6.0,1,5,3,0.0,24.0,18.0,6.0,0.0,False,False,Non Toxic,CC(C)CNC(=O)Cc1noc(c2ccc(C3(C#N)CC3)cc2)n1,c1noc(c2ccc(C3CC3)cc2)n1,Purchasable,T 1.5 Inner-Scaffold Search
ZINC000278017711,0.5137,0.7899,352.43015999999994,3.921680000000001,91.81,9.0,1,5,3,0.0,26.0,20.0,6.0,0.0,False,False,Non Toxic,CCCCCCNC(=O)Cc1noc(c2ccc(C3(C#N)CC3)cc2)n1,c1noc(c2ccc(C3CC3)cc2)n1,Purchasable,T 1.5 Inner-Scaffold Search
ZINC000278155101,0.5224,0.7899,340.37639999999993,2.3778799999999998,101.04,8.0,1,6,3,0.0,25.0,18.0,7.0,0.0,False,False,Non Toxic,COCCCNC(=O)Cc1noc(c2ccc(C3(C#N)CC3)cc2)n1,c1noc(c2ccc(C3CC3)cc2)n1,Purchasable,T 1.5 Inner-Scaffold Search
ZINC000271989353,0.6476,0.7899,239.27252,2.8541800000000004,62.71,3.0,0,3,3,0.0,18.0,14.0,4.0,0.0,False,False,Non Toxic,CCc1noc(c2ccc(C3(C#N)CC3)cc2)n1,c1noc(c2ccc(C3CC3)cc2)n1,Purchasable,T 1.5 Inner-Scaffold Search
ZINC000277970256,0.5033,0.7899,368.42955999999987,3.1564799999999997,101.04,9.0,1,6,3,0.0,27.0,20.0,7.0,0.0,False,False,Non Toxic,CC(C)OCCCNC(=O)Cc1noc(c2ccc(C3(C#N)CC3)cc2)n1,c1noc(c2ccc(C3CC3)cc2)n1,Purchasable,T 1.5 Inner-Scaffold Search
ZINC000278110861,0.5412,0.7899,340.37639999999993,2.3762800000000004,101.04,7.0,1,7,3,0.0,25.0,18.0,7.0,0.0,False,False,Non Toxic,COC[C@H](C)NC(=O)Cc1noc(c2ccc(C3(C#N)CC3)cc2)n1,c1noc(c2ccc(C3CC3)cc2)n1,Purchasable,T 1.5 Inner-Scaffold Search
ZINC000277859488,0.5539,0.7899,338.40357999999986,3.5315800000000013,91.81,8.0,1,5,3,0.0,25.0,19.0,6.0,0.0,False,False,Non Toxic,CCCCCNC(=O)Cc1noc(c2ccc(C3(C#N)CC3)cc2)n1,c1noc(c2ccc(C3CC3)cc2)n1,Purchasable,T 1.5 Inner-Scaffold Search
ZINC000274238363,0.5566,0.7899,299.32448,2.4547800000000004,81.17,7.0,0,5,3,0.0,22.0,16.0,6.0,0.0,False,False,Non Toxic,COCCOCc1noc(c2ccc(C3(C#N)CC3)cc2)n1,c1noc(c2ccc(C3CC3)cc2)n1,Purchasable,T 1.5 Inner-Scaffold Search
ZINC000290575285,0.5661,0.7899,297.35166,3.5633800000000013,71.94,5.0,0,4,3,0.0,22.0,17.0,5.0,0.0,False,False,Non Toxic,CC[C@@](C)(OC)c1noc(c2ccc(C3(C#N)CC3)cc2)n1,c1noc(c2ccc(C3CC3)cc2)n1,Purchasable,T 1.5 Inner-Scaffold Search
ZINC000290575282,0.5661,0.7899,297.35166,3.5633800000000013,71.94,5.0,0,4,3,0.0,22.0,17.0,5.0,0.0,False,False,Non Toxic,CC[C@](C)(OC)c1noc(c2ccc(C3(C#N)CC3)cc2)n1,c1noc(c2ccc(C3CC3)cc2)n1,Purchasable,T 1.5 Inner-Scaffold Search
ZINC000273714511,0.4917,0.7899,354.40297999999984,3.749880000000001,101.04,5.0,1,6,3,0.0,26.0,19.0,7.0,0.0,False,False,Toxic,CC(C)(C)OC(=O)NCCc1noc(c2ccc(C3(C#N)CC3)cc2)n1,c1noc(c2ccc(C3CC3)cc2)n1,Purchasable,T 1.5 Inner-Scaffold Search
ZINC000274131800,0.616,0.7899,317.3628999999999,3.3072800000000013,105.23,5.0,0,5,3,0.0,22.0,15.0,7.0,-1.0,Unknown,Unknown,Unknown,CCS(=O)(=O)Cc1noc(c2ccc(C3(C#N)CC3)cc2)n1,c1noc(c2ccc(C3CC3)cc2)n1,Purchasable,T 1.5 Inner-Scaffold Search
ZINC000278061595,0.598,0.7899,310.35041999999993,2.7513799999999997,91.81,6.0,1,5,3,0.0,23.0,17.0,6.0,-1.0,Unknown,Unknown,Unknown,CCCNC(=O)Cc1noc(c2ccc(C3(C#N)CC3)cc2)n1,c1noc(c2ccc(C3CC3)cc2)n1,Purchasable,T 1.5 Inner-Scaffold Search
ZINC000274059325,0.6291,0.7899,299.39068,4.105880000000001,88.01,5.0,0,5,3,0.0,21.0,16.0,5.0,0.0,False,False,Non Toxic,CCS[C@@H](C)c1noc(c2ccc(C3(C#N)CC3)cc2)n1,c1noc(c2ccc(C3CC3)cc2)n1,Purchasable,T 1.5 Inner-Scaffold Search
ZINC000291073694,0.544,0.7899,326.34982,3.802880000000002,108.53,6.0,0,5,3,0.0,24.0,17.0,7.0,0.0,False,False,Toxic,CC(C)(CCc1noc(c2ccc(C3(C#N)CC3)cc2)n1)N(=O)=O,c1noc(c2ccc(C3CC3)cc2)n1,Purchasable,T 1.5 Inner-Scaffold Search
ZINC000277810627,0.5324,0.7899,354.40298,2.76798,101.04,9.0,1,6,3,0.0,26.0,19.0,7.0,0.0,False,False,Non Toxic,CCOCCCNC(=O)Cc1noc(c2ccc(C3(C#N)CC3)cc2)n1,c1noc(c2ccc(C3CC3)cc2)n1,Purchasable,T 1.5 Inner-Scaffold Search
ZINC000273822277,0.6023,0.7899,307.2704895999999,3.786680000000001,62.71,4.0,0,3,3,0.0,22.0,15.0,7.0,0.0,False,False,Non Toxic,N#CC1(c2ccc(c3nc(CCC(F)(F)F)no3)cc2)CC1,c1noc(c2ccc(C3CC3)cc2)n1,Purchasable,T 1.5 Inner-Scaffold Search
ZINC000182795114,0.6169,0.7899,310.35041999999993,3.0538800000000004,91.81,4.0,1,5,3,0.0,23.0,17.0,6.0,0.0,False,False,Non Toxic,CC(=O)NC(C)(C)c1noc(c2ccc(C3(C#N)CC3)cc2)n1,c1noc(c2ccc(C3CC3)cc2)n1,Purchasable,T 1.5 Inner-Scaffold Search
ZINC000274005574,0.6366,0.7899,287.33692,3.0359800000000003,98.99,4.0,0,4,3,0.0,20.0,14.0,6.0,0.0,False,False,Non Toxic,C[S@@](=O)Cc1noc(c2ccc(C3(C#N)CC3)cc2)n1,c1noc(c2ccc(C3CC3)cc2)n1,Purchasable,T 1.5 Inner-Scaffold Search
ZINC000273788018,0.5388,0.7899,310.35041999999993,2.3125800000000005,83.02,5.0,0,5,3,0.0,23.0,17.0,6.0,-1.0,Unknown,Unknown,Unknown,CC(=O)N(C)CCc1noc(c2ccc(C3(C#N)CC3)cc2)n1,c1noc(c2ccc(C3CC3)cc2)n1,Purchasable,T 1.5 Inner-Scaffold Search
ZINC000274163102,0.5864,0.7899,325.36175999999995,3.1759800000000014,89.01,4.0,0,5,3,0.0,24.0,18.0,6.0,0.0,False,False,Toxic,CC(C)(C)OC(=O)Cc1noc(c2ccc(C3(C#N)CC3)cc2)n1,c1noc(c2ccc(C3CC3)cc2)n1,Purchasable,T 1.5 Inner-Scaffold Search
ZINC000273889913,0.6253,0.7899,296.32384,2.36128,91.81,5.0,1,5,3,0.0,22.0,16.0,6.0,0.0,False,False,Non Toxic,CC(=O)NCCc1noc(c2ccc(C3(C#N)CC3)cc2)n1,c1noc(c2ccc(C3CC3)cc2)n1,Purchasable,T 1.5 Inner-Scaffold Search
ZINC000296333833,0.5663,0.7899,297.35166,3.7793800000000015,71.94,6.0,0,5,3,0.0,22.0,17.0,5.0,0.0,False,False,Non Toxic,CCC[C@H](OC)c1noc(c2ccc(C3(C#N)CC3)cc2)n1,c1noc(c2ccc(C3CC3)cc2)n1,Purchasable,T 1.5 Inner-Scaffold Search
ZINC000274005570,0.6366,0.7899,287.33692,3.0359800000000003,98.99,4.0,0,4,3,0.0,20.0,14.0,6.0,0.0,False,False,Non Toxic,C[S@](=O)Cc1noc(c2ccc(C3(C#N)CC3)cc2)n1,c1noc(c2ccc(C3CC3)cc2)n1,Purchasable,T 1.5 Inner-Scaffold Search
ZINC000273793507,0.5623,0.7899,311.37823999999995,3.6493800000000016,71.94,7.0,0,4,3,0.0,23.0,18.0,5.0,0.0,False,False,Non Toxic,CC(C)OCCCc1noc(c2ccc(C3(C#N)CC3)cc2)n1,c1noc(c2ccc(C3CC3)cc2)n1,Purchasable,T 1.5 Inner-Scaffold Search
ZINC000271982204,0.6753,0.7899,255.27192000000002,2.43818,71.94,4.0,0,4,3,0.0,19.0,14.0,5.0,0.0,False,False,Non Toxic,COCc1noc(c2ccc(C3(C#N)CC3)cc2)n1,c1noc(c2ccc(C3CC3)cc2)n1,Purchasable,T 1.5 Inner-Scaffold Search
ZINC000271975821,0.6337,0.7899,267.32568,3.5892800000000014,62.71,2.0,0,3,3,0.0,20.0,16.0,4.0,0.0,False,False,Non Toxic,CC(C)(C)c1noc(c2ccc(C3(C#N)CC3)cc2)n1,c1noc(c2ccc(C3CC3)cc2)n1,Purchasable,T 1.5 Inner-Scaffold Search
ZINC000273964411,0.5523,0.7899,346.40411999999986,3.5477800000000013,117.26,5.0,1,6,3,0.0,24.0,16.0,8.0,-1.0,Unknown,Unknown,Unknown,CC(C)(NS(=O)(=O)C)c1noc(c2ccc(C3(C#N)CC3)cc2)n1,c1noc(c2ccc(C3CC3)cc2)n1,Purchasable,T 1.5 Inner-Scaffold Search
ZINC000278110857,0.5412,0.7899,340.37639999999993,2.3762800000000004,101.04,7.0,1,7,3,0.0,25.0,18.0,7.0,0.0,False,False,Non Toxic,COC[C@@H](C)NC(=O)Cc1noc(c2ccc(C3(C#N)CC3)cc2)n1,c1noc(c2ccc(C3CC3)cc2)n1,Purchasable,T 1.5 Inner-Scaffold Search
ZINC000284162295,0.4846,0.7899,368.4295599999999,4.4424800000000015,101.04,4.0,1,6,3,0.0,27.0,20.0,7.0,-1.0,Unknown,Unknown,Unknown,CC(C)(C)OC(=O)NC(C)(C)c1noc(c2ccc(C3(C#N)CC3)cc2)n1,c1noc(c2ccc(C3CC3)cc2)n1,Purchasable,T 1.5 Inner-Scaffold Search
ZINC000296333837,0.5663,0.7899,297.35166,3.7793800000000015,71.94,6.0,0,5,3,0.0,22.0,17.0,5.0,0.0,False,False,Non Toxic,CCC[C@@H](OC)c1noc(c2ccc(C3(C#N)CC3)cc2)n1,c1noc(c2ccc(C3CC3)cc2)n1,Purchasable,T 1.5 Inner-Scaffold Search
ZINC000277847877,0.6088,0.7899,310.35041999999993,2.7497800000000003,91.81,5.0,1,5,3,0.0,23.0,17.0,6.0,-1.0,Unknown,Unknown,Unknown,CC(C)NC(=O)Cc1noc(c2ccc(C3(C#N)CC3)cc2)n1,c1noc(c2ccc(C3CC3)cc2)n1,Purchasable,T 1.5 Inner-Scaffold Search
ZINC000273836466,0.5386,0.7899,354.40297999999984,3.65868,92.25,4.0,0,6,3,0.0,26.0,19.0,7.0,-1.0,Unknown,Unknown,Unknown,CN(Cc1noc(c2ccc(C3(C#N)CC3)cc2)n1)C(=O)OC(C)(C)C,c1noc(c2ccc(C3CC3)cc2)n1,Purchasable,T 1.5 Inner-Scaffold Search
ZINC000278254208,0.5355,0.7899,355.2869327999999,3.7087800000000004,71.94,7.0,0,4,3,0.0,25.0,16.0,9.0,0.0,False,False,Non Toxic,N#CC1(c2ccc(c3nc(COCC(F)(F)C(F)F)no3)cc2)CC1,c1noc(c2ccc(C3CC3)cc2)n1,Purchasable,T 1.5 Inner-Scaffold Search
ZINC000271947653,0.6953,0.7899,225.24594000000005,2.60018,62.71,2.0,0,3,3,0.0,17.0,13.0,4.0,0.0,False,False,Non Toxic,Cc1noc(c2ccc(C3(C#N)CC3)cc2)n1,c1noc(c2ccc(C3CC3)cc2)n1,Purchasable,T 1.5 Inner-Scaffold Search
ZINC000274059323,0.6291,0.7899,299.39068,4.105880000000001,88.01,5.0,0,5,3,0.0,21.0,16.0,5.0,0.0,False,False,Non Toxic,CCS[C@H](C)c1noc(c2ccc(C3(C#N)CC3)cc2)n1,c1noc(c2ccc(C3CC3)cc2)n1,Purchasable,T 1.5 Inner-Scaffold Search
ZINC000273982507,0.5813,0.7899,324.3769999999999,2.70268,83.02000000000002,6.0,0,5,3,0.0,24.0,18.0,6.0,0.0,False,False,Non Toxic,CCN(CCc1noc(c2ccc(C3(C#N)CC3)cc2)n1)C(=O)C,c1noc(c2ccc(C3CC3)cc2)n1,Purchasable,T 1.5 Inner-Scaffold Search
ZINC000725272481,0.7211,0.7856,209.24654000000004,2.82578,52.47,2.0,1,3,3,0.0,16.0,13.0,3.0,0.0,False,False,Non Toxic,N#Cc1cc(c2n[nH]cc2)ccc1C1CC1,c1cc(c2ccc(C3CC3)cc2)n[nH]1,Purchasable,T 1.5 Inner-Scaffold Search
ZINC000104493933,0.7342,0.7856,199.25172000000003,2.7247999999999992,54.7,2.0,2,3,3,0.0,15.0,12.0,3.0,-1.0,Unknown,Unknown,Unknown,NC1(c2ccc(c3cc[nH]n3)cc2)CC1,c1cc(c2ccc(C3CC3)cc2)n[nH]1,Purchasable,T 1.5 Inner-Scaffold Search
ZINC000725270496,0.6761,0.7856,273.2806264,3.773780000000001,41.61,3.0,0,2,3,0.0,20.0,15.0,5.0,-1.0,Unknown,Unknown,Unknown,Cn1cc(C(F)F)c(c2ccc(C3CC3)c(C#N)c2)n1,c1cc(c2ccc(C3CC3)cc2)n[nH]1,Purchasable,T 1.5 Inner-Scaffold Search
ZINC000675069895,0.7213,0.7856,238.28776000000002,2.99958,67.63,2.0,1,3,3,0.0,18.0,14.0,4.0,-1.0,Unknown,Unknown,Unknown,Cn1ncc(N)c1c1ccc(C2CC2)c(C#N)c1,c1cc(c2ccc(C3CC3)cc2)[nH]n1,Purchasable,T 1.5 Inner-Scaffold Search
ZINC000584632326,0.6806,0.7849,277.70297999999997,3.879,63.33,3.0,1,3,3,0.0,19.0,14.0,5.0,-1.0,Unknown,Unknown,Unknown,Cc1c(C(=O)O)noc1c1ccc(C2CC2)cc1Cl,c1cc(c2ccc(C3CC3)cc2)on1,Purchasable,T 1.5 Inner-Scaffold Search
ZINC000584632200,0.6605,0.7849,298.12146000000007,4.224,63.33,3.0,1,3,3,0.0,19.0,13.0,6.0,-1.0,Unknown,Unknown,Unknown,O=C(O)c1noc(c2ccc(C3CC3)cc2Cl)c1Cl,c1cc(c2ccc(C3CC3)cc2)on1,Purchasable,T 1.5 Inner-Scaffold Search
ZINC000584631933,0.6833,0.7849,261.2483832,3.3647,63.33,3.0,1,3,3,0.0,19.0,14.0,5.0,-1.0,Unknown,Unknown,Unknown,Cc1c(C(=O)O)noc1c1ccc(C2CC2)cc1F,c1cc(c2ccc(C3CC3)cc2)on1,Purchasable,T 1.5 Inner-Scaffold Search
ZINC000087012779,0.7531,0.7601,188.26554000000004,3.0074,20.23,3.0,1,2,3,0.0,14.0,13.0,1.0,-1.0,Unknown,Unknown,Unknown,O[C@H](c1ccc(C2CC2)cc1)C1CC1,c1cc(C2CC2)ccc1CC1CC1,Purchasable,T 1.5 Inner-Scaffold Search
ZINC000304394356,0.6646,0.7601,213.27500000000006,2.90118,44.02,3.0,1,3,3,0.0,16.0,14.0,2.0,-1.0,Unknown,Unknown,Unknown,N#CC1([C@H](O)c2ccc(C3CC3)cc2)CC1,c1cc(C2CC2)ccc1CC1CC1,Purchasable,T 1.5 Inner-Scaffold Search
ZINC000304394358,0.6646,0.7601,213.27500000000006,2.90118,44.02,3.0,1,3,3,0.0,16.0,14.0,2.0,-1.0,Unknown,Unknown,Unknown,N#CC1([C@@H](O)c2ccc(C3CC3)cc2)CC1,c1cc(C2CC2)ccc1CC1CC1,Purchasable,T 1.5 Inner-Scaffold Search
ZINC000087012777,0.7531,0.7601,188.26554000000004,3.0074,20.23,3.0,1,2,3,0.0,14.0,13.0,1.0,-1.0,Unknown,Unknown,Unknown,O[C@@H](c1ccc(C2CC2)cc1)C1CC1,c1cc(C2CC2)ccc1CC1CC1,Purchasable,T 1.5 Inner-Scaffold Search
ZINC000117221130,0.6431,0.7601,203.2801800000001,2.4020999999999995,46.25,3.0,2,2,3,0.0,15.0,13.0,2.0,-1.0,Unknown,Unknown,Unknown,NC1(Cc2ccc(C3(O)CC3)cc2)CC1,c1cc(C2CC2)ccc1CC1CC1,Purchasable,T 1.5 Inner-Scaffold Search
ZINC000584595238,0.6737,0.7601,201.30736000000007,4.0642000000000005,26.02,3.0,1,2,3,0.0,15.0,14.0,1.0,-1.0,Unknown,Unknown,Unknown,CC1([C@@H](N)c2ccc(C3CC3)cc2)CC1,c1cc(C2CC2)ccc1CC1CC1,Purchasable,T 1.5 Inner-Scaffold Search
ZINC000584595359,0.7161,0.7601,205.27124320000007,3.8132,26.02,3.0,1,2,3,0.0,15.0,13.0,2.0,-1.0,Unknown,Unknown,Unknown,N[C@@H](c1ccc(C2CC2)c(F)c1)C1CC1,c1cc(C2CC2)ccc1CC1CC1,Purchasable,T 1.5 Inner-Scaffold Search
ZINC000675070337,0.6801,0.7539,265.35286,3.9595800000000008,41.61,3.0,0,2,3,0.0,20.0,17.0,3.0,-1.0,Unknown,Unknown,Unknown,CC(C)c1nn(C)cc1c1ccc(C2CC2)c(C#N)c1,c1cc(C2CC2)ccc1c1cn[nH]c1,Purchasable,T 1.5 Inner-Scaffold Search
ZINC000725271346,0.7125,0.7539,223.27312,3.1341800000000006,52.47,2.0,1,3,3,0.0,17.0,14.0,3.0,0.0,False,False,Non Toxic,Cc1n[nH]cc1c1ccc(C2CC2)c(C#N)c1,c1cc(C2CC2)ccc1c1cn[nH]c1,Purchasable,T 1.5 Inner-Scaffold Search
ZINC000087014469,0.6794,0.7147,201.26760000000007,1.9877,50.41,2.0,2,4,3,0.0,15.0,12.0,3.0,-1.0,Unknown,Unknown,Unknown,NC1=NC[C@H](c2ccc(C3CC3)cc2)N1,C1=NCC(c2ccc(C3CC3)cc2)N1,Purchasable,T 1.5 Inner-Scaffold Search
ZINC000094526413,0.6476,0.7147,257.37392000000006,3.1077000000000004,41.62,4.0,1,5,3,0.0,19.0,16.0,3.0,-1.0,Unknown,Unknown,Unknown,CC[C@H](C)N1C(=NC[C@H]1c1ccc(C2CC2)cc1)N,C1=NCC(c2ccc(C3CC3)cc2)N1,Purchasable,T 1.5 Inner-Scaffold Search
ZINC000094526406,0.5892,0.7147,259.34674000000007,1.9556,50.85,5.0,1,5,3,0.0,19.0,15.0,4.0,-1.0,Unknown,Unknown,Unknown,COCCN1C(=NC[C@H]1c1ccc(C2CC2)cc1)N,C1=NCC(c2ccc(C3CC3)cc2)N1,Purchasable,T 1.5 Inner-Scaffold Search
ZINC000094526379,0.6356,0.7147,257.37392000000006,2.9652000000000003,41.62,4.0,1,4,3,0.0,19.0,16.0,3.0,-1.0,Unknown,Unknown,Unknown,CC(C)CN1C(=NC[C@@H]1c1ccc(C2CC2)cc1)N,C1=NCC(c2ccc(C3CC3)cc2)N1,Purchasable,T 1.5 Inner-Scaffold Search
ZINC000094526412,0.6476,0.7147,257.37392000000006,3.1077000000000004,41.62,4.0,1,5,3,0.0,19.0,16.0,3.0,-1.0,Unknown,Unknown,Unknown,CC[C@@H](C)N1C(=NC[C@H]1c1ccc(C2CC2)cc1)N,C1=NCC(c2ccc(C3CC3)cc2)N1,Purchasable,T 1.5 Inner-Scaffold Search
ZINC000094526407,0.5892,0.7147,259.34674000000007,1.9556,50.85,5.0,1,5,3,0.0,19.0,15.0,4.0,-1.0,Unknown,Unknown,Unknown,COCCN1C(=NC[C@@H]1c1ccc(C2CC2)cc1)N,C1=NCC(c2ccc(C3CC3)cc2)N1,Purchasable,T 1.5 Inner-Scaffold Search
ZINC000094526378,0.6356,0.7147,257.37392000000006,2.9652000000000003,41.62,4.0,1,4,3,0.0,19.0,16.0,3.0,-1.0,Unknown,Unknown,Unknown,CC(C)CN1C(=NC[C@H]1c1ccc(C2CC2)cc1)N,C1=NCC(c2ccc(C3CC3)cc2)N1,Purchasable,T 1.5 Inner-Scaffold Search
ZINC000094526415,0.6476,0.7147,257.37392000000006,3.1077000000000004,41.62,4.0,1,5,3,0.0,19.0,16.0,3.0,-1.0,Unknown,Unknown,Unknown,CC[C@H](C)N1C(=NC[C@@H]1c1ccc(C2CC2)cc1)N,C1=NCC(c2ccc(C3CC3)cc2)N1,Purchasable,T 1.5 Inner-Scaffold Search
ZINC000094526370,0.6026,0.7147,272.38856000000004,1.8708,44.86,5.0,1,5,3,0.0,20.0,16.0,4.0,-1.0,Unknown,Unknown,Unknown,CN(C)CCN1C(=NC[C@H]1c1ccc(C2CC2)cc1)N,C1=NCC(c2ccc(C3CC3)cc2)N1,Purchasable,T 1.5 Inner-Scaffold Search
ZINC000087014466,0.6794,0.7147,201.26760000000007,1.9877,50.41,2.0,2,4,3,0.0,15.0,12.0,3.0,-1.0,Unknown,Unknown,Unknown,NC1=NC[C@@H](c2ccc(C3CC3)cc2)N1,C1=NCC(c2ccc(C3CC3)cc2)N1,Purchasable,T 1.5 Inner-Scaffold Search
ZINC000094526414,0.6476,0.7147,257.37392000000006,3.1077000000000004,41.62,4.0,1,5,3,0.0,19.0,16.0,3.0,-1.0,Unknown,Unknown,Unknown,CC[C@@H](C)N1C(=NC[C@@H]1c1ccc(C2CC2)cc1)N,C1=NCC(c2ccc(C3CC3)cc2)N1,Purchasable,T 1.5 Inner-Scaffold Search
ZINC000094526371,0.6026,0.7147,272.38856000000004,1.8708,44.86,5.0,1,5,3,0.0,20.0,16.0,4.0,-1.0,Unknown,Unknown,Unknown,CN(C)CCN1C(=NC[C@@H]1c1ccc(C2CC2)cc1)N,C1=NCC(c2ccc(C3CC3)cc2)N1,Purchasable,T 1.5 Inner-Scaffold Search
ZINC000087013985,0.6787,0.7144,202.25236000000007,2.0859,47.61,2.0,1,4,3,0.0,15.0,12.0,3.0,-1.0,Unknown,Unknown,Unknown,NC1=NC[C@@H](c2ccc(C3CC3)cc2)O1,C1=NCC(c2ccc(C3CC3)cc2)O1,Purchasable,T 1.5 Inner-Scaffold Search
ZINC000087013987,0.6787,0.7144,202.25236000000007,2.0859,47.61,2.0,1,4,3,0.0,15.0,12.0,3.0,-1.0,Unknown,Unknown,Unknown,NC1=NC[C@H](c2ccc(C3CC3)cc2)O1,C1=NCC(c2ccc(C3CC3)cc2)O1,Purchasable,T 1.5 Inner-Scaffold Search
ZINC000087013966,0.7064,0.7144,202.25236000000007,2.0859,47.61,2.0,1,4,3,0.0,15.0,12.0,3.0,-1.0,Unknown,Unknown,Unknown,NC1=N[C@H](c2ccc(C3CC3)cc2)CO1,C1=NC(c2ccc(C3CC3)cc2)CO1,Purchasable,T 1.5 Inner-Scaffold Search
ZINC000087013969,0.7064,0.7144,202.25236000000007,2.0859,47.61,2.0,1,4,3,0.0,15.0,12.0,3.0,-1.0,Unknown,Unknown,Unknown,NC1=N[C@@H](c2ccc(C3CC3)cc2)CO1,C1=NC(c2ccc(C3CC3)cc2)CO1,Purchasable,T 1.5 Inner-Scaffold Search
ZINC000087011647,0.7043,0.7043,187.28078000000005,2.6547,12.03,3.0,1,1,3,0.0,14.0,13.0,1.0,-1.0,Unknown,Unknown,Unknown,c1cc(C2CC2)ccc1CC1CNC1,c1cc(C2CC2)ccc1CC1CNC1,Purchasable,T 1.5 Inner-Scaffold Search
ZINC000308930842,0.7455,0.7043,203.28018000000003,2.1456,32.26,3.0,2,3,3,0.0,15.0,13.0,2.0,-1.0,Unknown,Unknown,Unknown,O[C@H](c1ccc(C2CC2)cc1)C1CNC1,c1cc(C2CC2)ccc1CC1CNC1,Purchasable,T 1.5 Inner-Scaffold Search
ZINC000308930845,0.7455,0.7043,203.28018000000003,2.1456,32.26,3.0,2,3,3,0.0,15.0,13.0,2.0,-1.0,Unknown,Unknown,Unknown,O[C@@H](c1ccc(C2CC2)cc1)C1CNC1,c1cc(C2CC2)ccc1CC1CNC1,Purchasable,T 1.5 Inner-Scaffold Search
ZINC000087014001,0.7397,0.6672,173.25420000000003,2.9271999999999987,12.03,2.0,1,2,3,0.0,13.0,12.0,1.0,-1.0,Unknown,Unknown,Unknown,c1cc([C@@H]2CCN2)ccc1C1CC1,c1cc(C2CCN2)ccc1C1CC1,Purchasable,T 1.5 Inner-Scaffold Search
ZINC000087014003,0.7397,0.6672,173.25420000000003,2.9271999999999987,12.03,2.0,1,2,3,0.0,13.0,12.0,1.0,-1.0,Unknown,Unknown,Unknown,c1cc([C@H]2CCN2)ccc1C1CC1,c1cc(C2CCN2)ccc1C1CC1,Purchasable,T 1.5 Inner-Scaffold Search
ZINC000133602240,0.622,0.6526,257.41368000000006,4.8382000000000005,12.03,6.0,1,3,3,0.0,19.0,18.0,1.0,-1.0,Unknown,Unknown,Unknown,CCCNC[C@@H]1CC[C@@H]1c1ccc(C2CCC2)cc1,c1cc(C2CCC2)ccc1C1CCC1,Purchasable,T 1.5 Inner-Scaffold Search
ZINC000133605577,0.6557,0.6526,271.4402600000001,5.084200000000001,12.03,6.0,1,3,3,0.0,20.0,19.0,1.0,-1.0,Unknown,Unknown,Unknown,CC(C)CNC[C@@H]1CC[C@@H]1c1ccc(C2CCC2)cc1,c1cc(C2CCC2)ccc1C1CCC1,Purchasable,T 1.5 Inner-Scaffold Search
ZINC000133603267,0.6162,0.6526,257.41368000000006,4.836600000000002,12.03,5.0,1,3,3,0.0,19.0,18.0,1.0,-1.0,Unknown,Unknown,Unknown,CC(C)NC[C@H]1CC[C@@H]1c1ccc(C2CCC2)cc1,c1cc(C2CCC2)ccc1C1CCC1,Purchasable,T 1.5 Inner-Scaffold Search
ZINC000133602860,0.622,0.6526,257.41368000000006,4.8382000000000005,12.03,6.0,1,3,3,0.0,19.0,18.0,1.0,-1.0,Unknown,Unknown,Unknown,CCCNC[C@H]1CC[C@H]1c1ccc(C2CCC2)cc1,c1cc(C2CCC2)ccc1C1CCC1,Purchasable,T 1.5 Inner-Scaffold Search
ZINC000133604779,0.5818,0.6526,271.4402600000001,5.226700000000003,12.03,4.0,1,3,3,0.0,20.0,19.0,1.0,-1.0,Unknown,Unknown,Unknown,CC(C)(C)NC[C@@H]1CC[C@@H]1c1ccc(C2CCC2)cc1,c1cc(C2CCC2)ccc1C1CCC1,Purchasable,T 1.5 Inner-Scaffold Search
ZINC000133604999,0.5818,0.6526,271.4402600000001,5.226700000000003,12.03,4.0,1,3,3,0.0,20.0,19.0,1.0,-1.0,Unknown,Unknown,Unknown,CC(C)(C)NC[C@H]1CC[C@@H]1c1ccc(C2CCC2)cc1,c1cc(C2CCC2)ccc1C1CCC1,Purchasable,T 1.5 Inner-Scaffold Search
ZINC000133602644,0.622,0.6526,257.41368000000006,4.8382000000000005,12.03,6.0,1,3,3,0.0,19.0,18.0,1.0,-1.0,Unknown,Unknown,Unknown,CCCNC[C@@H]1CC[C@H]1c1ccc(C2CCC2)cc1,c1cc(C2CCC2)ccc1C1CCC1,Purchasable,T 1.5 Inner-Scaffold Search
ZINC000133605185,0.5818,0.6526,271.4402600000001,5.226700000000003,12.03,4.0,1,3,3,0.0,20.0,19.0,1.0,-1.0,Unknown,Unknown,Unknown,CC(C)(C)NC[C@@H]1CC[C@H]1c1ccc(C2CCC2)cc1,c1cc(C2CCC2)ccc1C1CCC1,Purchasable,T 1.5 Inner-Scaffold Search
ZINC000133602443,0.622,0.6526,257.41368000000006,4.8382000000000005,12.03,6.0,1,3,3,0.0,19.0,18.0,1.0,-1.0,Unknown,Unknown,Unknown,CCCNC[C@H]1CC[C@@H]1c1ccc(C2CCC2)cc1,c1cc(C2CCC2)ccc1C1CCC1,Purchasable,T 1.5 Inner-Scaffold Search
ZINC000164131146,0.7133,0.6526,202.29212000000007,3.3256,20.23,2.0,1,1,3,0.0,15.0,14.0,1.0,-1.0,Unknown,Unknown,Unknown,OC1(c2ccc(C3CCC3)cc2)CCC1,c1cc(C2CCC2)ccc1C1CCC1,Purchasable,T 1.5 Inner-Scaffold Search
ZINC000133603055,0.6162,0.6526,257.41368000000006,4.836600000000002,12.03,5.0,1,3,3,0.0,19.0,18.0,1.0,-1.0,Unknown,Unknown,Unknown,CC(C)NC[C@@H]1CC[C@@H]1c1ccc(C2CCC2)cc1,c1cc(C2CCC2)ccc1C1CCC1,Purchasable,T 1.5 Inner-Scaffold Search
ZINC000164168505,0.7176,0.6526,201.3073600000001,3.8591,26.02,2.0,1,3,3,0.0,15.0,14.0,1.0,-1.0,Unknown,Unknown,Unknown,N[C@@H]1CC[C@H]1c1ccc(C2CCC2)cc1,c1cc(C2CCC2)ccc1C1CCC1,Purchasable,T 1.5 Inner-Scaffold Search
ZINC000164168445,0.7176,0.6526,201.3073600000001,3.8591,26.02,2.0,1,3,3,0.0,15.0,14.0,1.0,-1.0,Unknown,Unknown,Unknown,N[C@H]1CC[C@@H]1c1ccc(C2CCC2)cc1,c1cc(C2CCC2)ccc1C1CCC1,Purchasable,T 1.5 Inner-Scaffold Search
ZINC000133603710,0.6162,0.6526,257.41368000000006,4.836600000000002,12.03,5.0,1,3,3,0.0,19.0,18.0,1.0,-1.0,Unknown,Unknown,Unknown,CC(C)NC[C@H]1CC[C@H]1c1ccc(C2CCC2)cc1,c1cc(C2CCC2)ccc1C1CCC1,Purchasable,T 1.5 Inner-Scaffold Search
ZINC000133605981,0.6557,0.6526,271.4402600000001,5.084200000000001,12.03,6.0,1,3,3,0.0,20.0,19.0,1.0,-1.0,Unknown,Unknown,Unknown,CC(C)CNC[C@@H]1CC[C@H]1c1ccc(C2CCC2)cc1,c1cc(C2CCC2)ccc1C1CCC1,Purchasable,T 1.5 Inner-Scaffold Search
ZINC000133605384,0.5818,0.6526,271.4402600000001,5.226700000000003,12.03,4.0,1,3,3,0.0,20.0,19.0,1.0,-1.0,Unknown,Unknown,Unknown,CC(C)(C)NC[C@H]1CC[C@H]1c1ccc(C2CCC2)cc1,c1cc(C2CCC2)ccc1C1CCC1,Purchasable,T 1.5 Inner-Scaffold Search
ZINC000133603493,0.6162,0.6526,257.41368000000006,4.836600000000002,12.03,5.0,1,3,3,0.0,19.0,18.0,1.0,-1.0,Unknown,Unknown,Unknown,CC(C)NC[C@@H]1CC[C@H]1c1ccc(C2CCC2)cc1,c1cc(C2CCC2)ccc1C1CCC1,Purchasable,T 1.5 Inner-Scaffold Search
ZINC000133606179,0.6557,0.6526,271.4402600000001,5.084200000000001,12.03,6.0,1,3,3,0.0,20.0,19.0,1.0,-1.0,Unknown,Unknown,Unknown,CC(C)CNC[C@H]1CC[C@H]1c1ccc(C2CCC2)cc1,c1cc(C2CCC2)ccc1C1CCC1,Purchasable,T 1.5 Inner-Scaffold Search
ZINC000133605755,0.6557,0.6526,271.4402600000001,5.084200000000001,12.03,6.0,1,3,3,0.0,20.0,19.0,1.0,-1.0,Unknown,Unknown,Unknown,CC(C)CNC[C@H]1CC[C@@H]1c1ccc(C2CCC2)cc1,c1cc(C2CCC2)ccc1C1CCC1,Purchasable,T 1.5 Inner-Scaffold Search
ZINC000164168355,0.7176,0.6526,201.3073600000001,3.8591,26.02,2.0,1,3,3,0.0,15.0,14.0,1.0,-1.0,Unknown,Unknown,Unknown,N[C@H]1CC[C@H]1c1ccc(C2CCC2)cc1,c1cc(C2CCC2)ccc1C1CCC1,Purchasable,T 1.5 Inner-Scaffold Search
ZINC000164168592,0.7176,0.6526,201.3073600000001,3.8591,26.02,2.0,1,3,3,0.0,15.0,14.0,1.0,-1.0,Unknown,Unknown,Unknown,N[C@@H]1CC[C@@H]1c1ccc(C2CCC2)cc1,c1cc(C2CCC2)ccc1C1CCC1,Purchasable,T 1.5 Inner-Scaffold Search
ZINC000685950136,0.7034,0.61,189.25360000000006,2.7961,35.25,2.0,1,3,3,0.0,14.0,12.0,2.0,-1.0,Unknown,Unknown,Unknown,NC1(c2ccc([C@H]3CCO3)cc2)CC1,c1cc(C2CCO2)ccc1C1CC1,Purchasable,T 1.5 Inner-Scaffold Search
ZINC000685950137,0.7034,0.61,189.25360000000006,2.7961,35.25,2.0,1,3,3,0.0,14.0,12.0,2.0,-1.0,Unknown,Unknown,Unknown,NC1(c2ccc([C@@H]3CCO3)cc2)CC1,c1cc(C2CCO2)ccc1C1CC1,Purchasable,T 1.5 Inner-Scaffold Search
